{"cameraMode":{"drawMode":0,"name":"Shaded","section":"Shading Mode"},"sceneLighting":false,"audioPlay":false,"sceneViewState":{"showFog":true,"showMaterialUpdate":false,"showSkybox":false,"showFlares":true,"showImageEffects":true,"showParticleSystems":true},"in2DMode":false,"pivot":{"x":1138.174072265625,"y":360.11480712890627,"z":110.54443359375},"rotation":{"x":0.028780486434698106,"y":0.04227978736162186,"z":-0.0012208739062771202,"w":0.9987207651138306},"size":783.240234375,"orthographic":false}