{"cameraMode":{"drawMode":0,"name":"Shaded","section":"Shading Mode"},"sceneLighting":true,"audioPlay":false,"sceneViewState":{"showFog":true,"showMaterialUpdate":false,"showSkybox":true,"showFlares":true,"showImageEffects":true,"showParticleSystems":true},"in2DMode":false,"pivot":{"x":5.276530742645264,"y":1.7799999713897706,"z":6.320000171661377},"rotation":{"x":0.09980951994657517,"y":-0.8869379162788391,"z":0.22725315392017365,"w":0.3896996080875397},"size":1.2247449159622193,"orthographic":false}