{"cameraMode":{"drawMode":0,"name":"Shaded","section":"Shading Mode"},"sceneLighting":true,"audioPlay":false,"sceneViewState":{"showFog":true,"showMaterialUpdate":false,"showSkybox":true,"showFlares":true,"showImageEffects":true,"showParticleSystems":true},"in2DMode":false,"pivot":{"x":6.4519429206848148,"y":1.8371626138687134,"z":28.74118423461914},"rotation":{"x":0.08692244440317154,"y":-0.7310622930526733,"z":0.09483372420072556,"w":0.6700740456581116},"size":2.697464942932129,"orthographic":false}