{"cameraMode":{"drawMode":0,"name":"Shaded","section":"Shading Mode"},"sceneLighting":true,"audioPlay":false,"sceneViewState":{"showFog":true,"showMaterialUpdate":false,"showSkybox":true,"showFlares":true,"showImageEffects":true,"showParticleSystems":true},"in2DMode":false,"pivot":{"x":11.97996711730957,"y":1.7869257926940919,"z":29.415592193603517},"rotation":{"x":0.0732913464307785,"y":-0.3487132787704468,"z":0.027371030300855638,"w":0.9340233206748962},"size":11.326969146728516,"orthographic":false}