{"cameraMode":{"drawMode":0,"name":"Shaded","section":"Shading Mode"},"sceneLighting":false,"audioPlay":false,"sceneViewState":{"showFog":true,"showMaterialUpdate":false,"showSkybox":false,"showFlares":true,"showImageEffects":true,"showParticleSystems":true},"in2DMode":false,"pivot":{"x":232.79995727539063,"y":-52.800048828125,"z":0.0},"rotation":{"x":0.013791178353130818,"y":0.05128275603055954,"z":-0.0007102658273652196,"w":0.9986169934272766},"size":1310.929931640625,"orthographic":false}